model,MAE,RMSE,MAPE,R2
Linear Regression,4.893415240003141,5.581110116499638,4.090287291603565,0.7241823884925056
"ARIMA(2,1,2)",7.522339830695121,12.385810080583989,5.7173048772373125,-0.35840616365048517
